{
  "siegeChance": 0.21064064419748868,
  "recruitGoldThreshold": 453,
  "maxRecruitsWhenRich": 3,
  "maxRecruitsWhenPoor": 2,
  "targetDefenderWeight": 2.885308675413465,
  "nearestTargetDistanceRatio": 0.9298300618683273,
  "builderRecruitChance": 0.5,
  "builderRecruitForMinesAndSiege": 0.5,
  "foodBufferThreshold": 18,
  "sustainableMilitaryMultiplier": 0.916494516498492,
  "farmFirstBias": 0.5,
  "farmPriorityThreshold": 14,
  "factoryUpgradePriority": 0.6466383534416581,
  "scoutChance": 1.0120621226641409,
  "incorporateVillageChance": 0.9277196901936502,
  "targetPopWeight": 1.0613800832805296,
  "minePriorityThreshold": 13,
  "l2AdoptionRate": 0.5,
  "targetRangedShare": 0.06743995717949196,
  "targetSiegeShare": 0,
  "compositionCorrectionStrength": 0.7867306586942169,
  "assaultWingShare": 0.7038034213475053,
  "screenWingShare": 0.3740087958062673,
  "maxChaseDistance": 2,
  "targetDispersion": 0.40358375320746515,
  "villageDefensePriority": 0.43303442220137867,
  "villageRecapturePriority": 0.881143587180988,
  "frontlineMeleeShare": 0.1911431676740743,
  "backlineRangedDistance": 3,
  "siegeBacklineDistance": 4,
  "flankCavalryShare": 0.061679294996047504,
  "formationCohesion": 0.6065428379089977,
  "l3AcquisitionWeight": 1,
  "l3IronPerUnitTarget": 15,
  "l2StonePerUnitTarget": 8,
  "militaryLevelMixTarget": {
    "L1": 0.3466221918559851,
    "L2": 0.34773339642128487,
    "L3": 0.30564441172272994
  },
  "militaryLevelMixCorrectionStrength": 0.8733553948583259,
  "defenderCityHexCoverageTarget": 1,
  "defenderAssignmentPriority": 0.9004576376474352,
  "wallBuildPerCityTarget": 2,
  "wallBuildPriority": 0.8692514344227896,
  "wallToDefenderSynergyWeight": 0,
  "wallClosurePriority": 0.515645399192669,
  "wallRepairPriority": 0,
  "wallRingTarget": 1,
  "wallClosureUptimeWeight": 0.10166129211248051,
  "supplyExpansionPriority": 0.5788099828804212,
  "supplyAnchorDistanceWeight": 0.8597542211959062,
  "supplyStarvationRiskWeight": 0.6291584223382235,
  "supplyCityAcquisitionBias": 0.28336378935968914,
  "contestedZoneCommitShare": 0.15,
  "contestedZoneMinSurplusMilitary": 4,
  "commanderFieldAssignRate": 0.4,
  "commanderMinArmySize": 3,
  "scrollTerrainPriority": 0.3,
  "scrollTerrainMaxDivert": 2,
  "universityIronMinePref": 0.5,
  "universityCityDefenseThreshold": 0.3,
  "maxRecruitsPerCity": 3,
  "builderSupportPriority": 0,
  "techProgressionPriority": 0.7678748555088928,
  "clusterInterdictionPriority": 0.21956557848772712,
  "clusterIsolationCommitShare": 0.24534689984856878,
  "clusterIsolationDuration": 2,
  "techAcquisitionWeight": 0.9821607519244888,
  "techResourcePerUnitTarget": 8,
  "localConsolidationPriority": 0.3817351821256604,
  "frontierExpansionUnitBudgetShare": 0.21826779449096914,
  "maxExpansionDepthFromNearestAnchor": 20,
  "anchorFirstExpansionThreshold": 0.46330207152161296,
  "deepRaidPenaltyDistanceStart": 14,
  "deepRaidPenaltySlope": 0.9479297606635336,
  "frontierAlignmentWeight": 1,
  "attackReadinessThreshold": 0.7099492255416275,
  "commitWindowCycles": 6,
  "commitForceShare": 0.7625252472923777,
  "fallbackLossThreshold": 0.4172107330745448,
  "strategicExpandWeight": 1.179725001909053,
  "strategicAttackWeight": 1.1139135974496441,
  "strategicRiskWeight": 0.9210329870848548,
  "strategicReserveShare": 0.4964994136424152,
  "objectiveCommitMinForceRatio": 1.0260374721207672,
  "objectiveSiegeMinShare": 0.05844473584992254
}